code,description,embedding_dim1,embedding_dim2,category
E58,calcio,-0.1590559,0.108822174,E
A50.6,test,-0.2580355,-0.06504797,A
K74.3,destructivo,-0.31440407,-0.19484067,K
P02.3,transplacentario,-0.09495189,-0.2983058,P
G31.81,alpers,-0.19433564,0.27004004,G
O69.2,enredo,-0.35675743,-0.0199459,O
T48.5,descongestionant,-0.24073747,-0.24568495,T
A01.0,typhi,-0.16112918,0.22965865,A
L56.5,poroqueratosis,0.19706495,0.10778923,L
A01,paratifoidea,0.35653862,0.21266758,A
G93.81,hipocampo,0.2037987,0.21812792,G
R71.8,corpuscular,0.22323537,-0.05158137,R
E26.02,glucocorticoid,0.38294873,-0.046060517,E
Y65.5,realización,-0.40234035,-0.14921345,Y
C06.2,retromolar,-0.04432286,-0.15152557,C
C92.1,positiva,-0.21600778,-0.12949033,C
N32.1,vesicorrectal,0.18128288,-0.00615573,N
L02.92,forunculosis,0.17615472,0.17282434,L
M42.0,calvé,-0.20106111,0.18552262,M
V20.0,motocicleta,-0.17554389,0.11021516,V
Z79.632,doxorrubicina,0.3236904,0.07372219,Z
V90.08,windsurfista,-0.06231369,0.1517836,V
I67.84,vasoconstricción,0.15269026,-0.2244837,I
E85.4,limitado,-0.3345759,-0.12793075,E
C57.0,falopio,-0.020871539,0.32035637,C
Q55.64,escondido,-0.34996635,-0.02407539,Q
C45,mesotelioma,0.2453316,0.06185899,C
G83.1,monoplejia,0.07608681,0.13548742,G
Y93.62,bandera,-0.26601282,0.05614529,Y
Q54.0,hipospadias,0.37633234,0.17830293,Q
R40.221,ninguno,-0.284994,0.024117129,R
M92.4,sinding,-0.35226014,0.02473875,M
Q21.14,vén,-0.30450296,0.05402723,Q
E08.65,hiperglucemia,0.38813558,-0.19357961,E
Y93.21,individual,-0.3065221,-0.03176822,Y
C81.2,celularidad,-0.0057348413,-0.23396933,C
E72.3,lisina,-0.022466615,0.2665715,E
K51.0,retrógrado,-0.15960173,-0.20690563,K
Q38.3,hipoglosia,0.37148193,0.0054286206,Q
M47.1,espondilógén,0.11460911,0.013400461,M
E78.00,hiperbetalipoproteinemia,0.49203873,-0.31557837,E
Z86.003,d00,-0.22670382,0.0011727584,Z
Q03.1,luschka,-0.12597275,0.32026267,Q
I01.9,cardiopatía,0.15888731,-0.3541751,I
N81.82,debilitamiento,-0.11745384,-0.33167374,N
O30.83,hexacoriónico,0.3890271,-0.022595892,O
O62.4,hipertónico,0.25299385,-0.18849485,O
H65.2,catarro,-0.078281626,0.25286493,H
B36.1,queratomicosi,0.26502505,0.07351148,B
E20.9,paratiroidea,0.34666225,0.24170226,E
K42.1,gangrenado,-0.0862972,0.10559558,K
I20.9,anginoso,0.094372325,0.01679638,I
Y92.22,sinagoga,0.012984455,0.10848417,Y
F52.21,eréctil,-0.1876976,-0.055749606,F
G20,parkinson,-0.1288683,0.09999512,G
E08.43,autonómico,-0.087738335,-0.13257794,E
A07,enfermedad,-0.007166742,-0.17179328,A
L67.8,tricoptilosis,0.3657063,-0.0060026855,L
D59.4,mecánico,-0.114015855,-0.076387,D
Z30.012,postcoital,-0.02444722,0.016829902,Z
D72.12,síntoma,-0.025121786,-0.21396582,D
S72.2,subtrocantérea,0.11851065,-0.11396706,S
W46.1,hipodérmica,0.3372901,-0.20063125,W
M21.75,fémur,-0.17904945,0.18082403,M
Z11,conocer,-0.4056903,-0.0016472519,Z
H53.2,diplopía,-0.106738634,-0.10104318,H
F84.5,asperger,-0.19014524,0.13102233,F
E89.41,cefalea,0.09139605,0.39420727,E
T83.32,desaparición,-0.39662537,-0.15066151,T
T51.3,amílico,0.15556213,0.11363915,T
M26.07,tuberosidad,0.20096193,-0.18922561,M
K00.6,dentia,-0.026895236,0.14506178,K
A50.54,cardiovascular,0.19263645,-0.3546834,A
D72.81,recuento,-0.35889915,-0.15690614,D
E78.6,abetalipoproteinemia,0.40381458,-0.24890397,E
L40.51,interfalángico,0.05771969,-0.17386769,L
M65.0,tendinós,0.03561494,0.03984249,M
Q93.2,isocromosoma,0.40807882,0.08900615,Q
A98.2,selva,-0.32252967,0.21734622,A
F70,aproximadamente,-0.36197805,0.019123081,F
C41.3,clavícula,0.083045274,0.09025203,C
Q77.7,espondiloepifisario,0.34716398,0.11612576,Q
B81.1,capillaria,0.19548921,-0.06961482,B
H40.83,acuoso,-0.10040741,0.22271508,H
B66.2,dicrocoeliasis,0.3246938,0.030103192,B
M16.3,displásico,-0.098748624,-0.08774542,M
M24.7,protrusión,-0.19983846,-0.15576191,M
F16.183,flashbacks,-0.23878215,-0.17152864,F
W88.1,isótopo,0.10801921,0.13220634,W
M26.55,discrepancia,-0.30305955,-0.21510153,M
T38,sintético,0.15080254,-0.02542992,T
K71.0,colestasis,0.22061788,-0.110208325,K
I82.B,subclavio,-0.17348671,-0.004816976,I
Q75.0,craneosinostosis,0.3955225,0.012718279,Q
D17,neoplasio,0.30147222,0.030740466,D
B85.0,capitis,0.052733067,-0.033347864,B
Q89.4,siamés,-0.13976327,0.2237288,Q
L89.002,dermis,-0.2921791,0.05616859,L
G90.A,pots,-0.15149641,0.25645247,G
S92.3,metatarsiano(s,0.21635963,0.114544556,S
