fuente,bloque,n_patrones,top_patrones
corpus,A15,677,para mycobacterium tuberculosis | realizar uno puncion-aspiracion con aguja | puncion-aspiracion con aguja fino guiado | el realizar uno puncion-aspiracion con | uno puncion-aspiracion con aguja fino
corpus,A18,3,positivo para mycobacterium tuberculosis | positivo para mycobacterium | hipertrofia prostatico el
corpus,A41,847,precisar cuidado intensivo | antibioterapia empirico y | sepsis de origen | antiproteinurico profilaxi antitrombotico tratamiento adyuvante | y antiproteinurico profilaxi antitrombotico tratamiento
corpus,B19,913,virus de el | de el hepatitis | virus de el inmunodeficiencia | de el inmunodeficiencia | virus de el hepatitis
corpus,B20,16,de el inmunodeficiencia humano y | el inmunodeficiencia humano y | inmunodeficiencia humano y | de virus de el | inmunodeficiencia humano virus de el
corpus,B37,1515,positivo para candida | con clinica de | extrahospitalario de repeticion candidiasis orofaringeo | pneumocistis jirovecii antiguamente denominado carinii | conservado sensibilidad vibratorio con monofilamento
corpus,B58,4,de el inmunodeficiencia humano de | el inmunodeficiencia humano de | inmunodeficiencia humano de | el cuadro como
corpus,B95,14,el obtener el | el instaurar tratamiento antibiotico | que ser positivo para | el paciente precisar | superior de ambos
corpus,B96,945,salida de material | destacar hipertension arterial | con salida de material | el analitica de sangre | del sedimento urinario
corpus,B97,3495,que resultar negativo | suspender el el | el paciente presentar mejoria | virus respiratorio sincitial | paciente presentar mejoria
corpus,B99,10,diagnostico de infeccion | signo de infeccion | con el diagnostico de infeccion | el diagnostico de infeccion | infeccion por virus de el
corpus,C16,4,de adenocarcinoma gastrico | de el union | realizar biopsia de el lesion | en el mes
corpus,C18,1,adenocarcinoma de colon
corpus,C50,11,cancer de mama | de carcinoma ductal | de mama izquierdo | de carcinoma ductal infiltrante grado | carcinoma ductal infiltrante grado
corpus,C61,2,de adenocarcinoma de prostata | adenocarcinoma de prostata
corpus,C62,4,interes que consultar por tumoracion | que consultar por tumoracion | consultar por tumoracion | testiculo derecho de
corpus,C64,54,de celula claro | carcinoma de celula claro | el realizar nefrectomia | de carcinoma renal | metastasis de carcinoma renal
corpus,C77,2,definitivo ser de carcinoma | adenopatia axilar palpabl
corpus,C78,3191,de carcinoma de | carcinoma de celula | de carcinoma de celula | el realizar nuevo | compatible con metastasis
corpus,C79,726,el gammagrafia oseo | el diagnostico de metastasis | diagnostico de metastasis | emision de positron | de tumor el
corpus,C80,1,mas tarde por
corpus,D11,2,lobulo superficial de el | lobulo superficial de
corpus,D18,5,uno membrana epirretinian | en su ojo derecho od | su ojo derecho od | en su ojo derecho | su ojo derecho
corpus,D40,1,formacion nodular de
corpus,D49,2968,del tumor el | tratamiento con uno | por parte del | tomografia axial computerizado tac | ante este hallazgo el realizar
corpus,D50,2,tratamiento con hierro oral | con hierro oral
corpus,D64,5,gr dl de hemoglobina | dl de hemoglobina | gr dl de | por el servicio de oncologia | por el que haber
corpus,D65,1,coagulacion intravascular diseminado
corpus,D68,8,heparina de bajo peso molecular | de bajo peso molecular | heparina de bajo peso | bajo peso molecular | heparina de bajo
corpus,D69,831,como antecedente personal destacar | evolucionar desfavorablemente presentar dificultad respiratorio | corticoterapia pero evolucionar desfavorablemente presentar | pero evolucionar desfavorablemente presentar dificultad | biomicroscopicamente presentar uno catarata subcapsular
corpus,D72,51,el sospecha diagnostico de | sospecha diagnostico de | el exploracion fisico el paciente | exploracion fisico el paciente | analitica destacar leucocitosi
corpus,D73,1290,diagnostico anatomopatologico de pseudotumor inflamatorio | posibilidad diagnostico uno proceso linfoproliferativo | encontrar uno importante esplenomegalia engrosamiento | tratamiento antibiotico con ceftazidima metronidazol | resultado microbiologico e histopatologico obtenido
corpus,E04,1255,progresivo en el | en el ultimo ano | el ultimo ano | examen inmunohistoquimico detectar expresion citoplasmatico | inmunohistoquimico detectar expresion citoplasmatico e
corpus,E05,750,interrogatorio dirigido referir perdida ponderal | respectivamente el primero prueba complementario | semiologia caracteristico de patologia tiroideo | potasio intravenoso conseguir el normalizacion | hipertiroidismo primario de origen autoinmune
corpus,E11,531,diabetes mellitus tipo | de diabetes mellitus | antecedente de diabetes mellitus | antecedente de diabetes | con antecedente de diabetes mellitus
corpus,E21,3,y elevacion de el concentracion | elevacion de el concentracion | de el concentracion
corpus,E66,8,cobertura con injerto de piel | cobertura con injerto de | cobertura con injerto | con injerto de piel | su ingreso en uci
corpus,E74,1,enfermedad de mcardle
corpus,E78,1,negativo para celula maligno
corpus,E80,1,bilirrubina total de
corpus,E83,936,de uno semana de evolucion | uno semana de evolucion | valor de referencia | de uno semana de | dia despues de el cirugia
corpus,E85,1,evolucion en tratamiento
corpus,E87,1437,acidosis metabolico con | disminucion del nivel de conciencia | y disminucion del nivel de | a el unidad de nutricion | el deficit electrolitico
corpus,F10,3,abstinencia de alcohol | de bebida alcoholico | llegar a urgencia
corpus,F17,104,ano fumador de | cigarrillo al dia | ser fumador de | de el vena | que impedir el
corpus,G40,3,ser el primero episodio | episodio de convulsion | ser el primero
corpus,G45,1,accidente isquemico transitorio
corpus,G83,4,resonancia magnetico rm cerebral | extremidad superior izquierdo | magnetico rm cerebral | de el musculo
corpus,G90,1,sindrome de horner
corpus,G93,5,en sustancia blanco | en muestra de sangre | autopsia judicial a | el secuencia de | en muestra de
corpus,H02,2980,a el exploracion oftalmologico | el obtener uno liquido | obtener uno liquido | presentar edema en | sin detectar el
corpus,H11,1,alcanzar uno av
corpus,H15,1107,histopalologico confirmar uno escleritis granulomatos | orbito-cerebral confirmar el engrosamiento escleral | confirmar uno escleritis granulomatos compatible | resonancia magnetico nuclear rmn orbito-cerebral | examen histopalologico confirmar uno escleritis
corpus,H16,724,cuadro de dolor ocular | de camara anterior | topico antibiotico ciclopejico y medroxiprogesterona | alzheimer avanzado diabetico insulinodependiente de | de alzheimer avanzado diabetico insulinodependiente
corpus,H21,2031,el exploracion presentar uno | exploracion presentar uno | el camara anterior | entre el antecedente oftalmologico destacar | el antecedente oftalmologico destacar
corpus,H26,1,edema macular quistico
corpus,H33,872,desprendimiento de retina | de el retina | realizar control periodico | el fondo de ojo izquierdo | el fondo de ojo derecho
corpus,H35,4,de ambos ojo | perdida de agudeza visual | perdida de agudeza | alteracion del epr
corpus,H40,12,ano diagnosticado de glaucoma | el presion intraocular pio | diagnosticado de glaucoma | y recuperacion de el | maleato de timolol
corpus,H44,3,en su ojo izquierdo | barcelona espana y | su ojo izquierdo
corpus,H47,929,el vision del od | contar dedo a | el vision del | vision del od | hemodialisis presentar hiperparatiroidismo secundario hpts
corpus,H49,7,de el orbita | inyeccion de toxina botulinico | el observar uno paralisis | observar uno paralisis | de toxina botulinico
corpus,H50,1926,de ojo izquierdo | el polo anterior ser normal | polo anterior ser normal en | polo anterior ser normal | anterior ser normal en
corpus,H53,46,ojo izquierdo con | ojo derecho el | anestesia general el realizar uno | general el realizar uno abordaje | oftalmologico destacar el
corpus,H54,112,en el ojo derecho od | el ojo derecho od | en el ojo izquierdo oi | perdida de vision | de agudeza visual
corpus,H55,1,de mano en
corpus,H57,21,de dolor ocular | de el motilidad ocular | el orbita izquierdo | en todo el posicion | ojo izquierdo oi en
corpus,H91,886,hipercolesterolemia e hipertrigliceridemia antecedente urologico | hipertension arterial hipercolesterolemia e hipertrigliceridemia | arterial hipercolesterolemia e hipertrigliceridemia antecedente | antecedente de hipertension arterial hipercolesterolemia | oncologicamente haber iniciar tratamiento complementario
corpus,I10,33,de hipertension arterial | antecedente de hipertension | antecedente de hipertension arterial | con antecedente de hipertension | con antecedente de hipertension arterial
corpus,I21,1365,infarto agudo de miocardio | agudo de miocardio | infarto agudo de | infarto agudo de miocardio inferoposterior | agudo de miocardio inferoposterior
corpus,I25,11,uno hora de | alergia conocido a medicamento | uno cardiopatia isquemico | de cardiopatia isquemico | conocido a medicamento
corpus,I34,2,vancomicina y gentamicina | antibiotico empirico con
corpus,I48,15,fibrilacion auricular cronico | y fibrilacion auricular | fibrilacion auricular cronico que | y fibrilacion auricular cronico | el anatomia patologico mostrar
corpus,I50,1,de insuficiencia cardiaco
corpus,I51,1,el sintomatologia en
corpus,I62,2170,el decidir no | antiparkinsoniano antihistaminico antihipertensivo antiagregant plaquetario | xantica antiparkinsoniano antihistaminico antihipertensivo antiagregant | antihistaminico antihipertensivo antiagregant plaquetario benzamida | base xantica antiparkinsoniano antihistaminico antihipertensivo
corpus,I71,72,el aorta toracico | el aorta toracico descendente por | de el arteria subclavio izquierdo | endoprotesis en el aorta toracico | en el aorta toracico descendente
corpus,I75,6,embolo de colesterol en el | embolo de colesterol en | embolo de colesterol | de colesterol en el | de colesterol en
corpus,I82,2733,trombosis venos profundo | el tratamiento anticoagulante | presentar uno trombosis | en cava inferior | nuevo episodio de hemorragia digestivo
corpus,I85,1,variz esofagico grado
corpus,I96,1,zona de necrosis
corpus,J18,4,en lobulo inferior derecho con | lobulo inferior derecho con | tomado de el | a el dieta
corpus,J32,1580,del seno frontal izquierdo | seno frontal izquierdo | en seno maxilar | y seno frontal | presentar sintomatologia ni complicacion postoperatorio
corpus,J44,3,enfermedad pulmonar obstructivo | enfermedad pulmonar obstructivo cronico | pulmonar obstructivo cronico
corpus,J81,1,y dificultad respiratorio el
corpus,J96,1,de insuficiencia respiratorio
corpus,J98,3,y en el radiografia de | enfisema subcutaneo en | y en el radiografia
corpus,K08,2,instaurar tratamiento antibiotico con | con uno aumento
corpus,K11,4,de el glandula parotido | el glandula parotido | de evolucion no haber | evolucion no haber
corpus,K13,3594,inferior en el | el anamnesis el paciente | anamnesis el paciente | de uno de el lesion | en el mucosa labial
corpus,K14,8,diametro en el borde lateral | de diametro en el borde | en el borde lateral de | diametro en el borde | el borde lateral de
corpus,K26,6,en tratamiento con inhibidor de | tratamiento con inhibidor de el | tratamiento con inhibidor de | en tratamiento con inhibidor | tratamiento con inhibidor
corpus,K31,5,ante este hallazgo el decidir | ingresar por uno | de interes salvo | ano acudir al | y durante el
corpus,K35,1,en el via
corpus,K40,1,de hernia inguinal
corpus,K44,3,hernia de hiato | hernia de hiato y | de hiato y
corpus,K50,5,enfermedad de crohn | de enfermedad de crohn con | enfermedad de crohn con | de enfermedad de crohn | de crohn con
corpus,K51,12,ano diagnosticado de pancolitis ulceros | tratamiento con azatioprina imurel ® | diagnosticado de pancolitis ulceros | tratamiento con azatioprina imurel | ano diagnosticado de pancolitis
corpus,K52,620,ano de evolucion el | de colitis ulceros | el tomar biopsia | enfermedad inflamatorio intestinal | el descartar otro causa de
corpus,K55,3,el existencia de angiodisplasia | existencia de angiodisplasia | tratamiento con talidomida
corpus,K56,1,de obstruccion intestinal
corpus,K57,1389,inflamacion de el grasa adyacente | en fosa iliaco izquierdo | inflamacion de el grasa | de el grasa adyacente | el grasa adyacente
corpus,K59,1,biopsia y el
corpus,K62,564,el ampolla rectal | diagnostico diferencial entre enfermedad inflamatorio | diferencial entre enfermedad inflamatorio intestinal | enfermedad inflamatorio intestinal colitis ulceros | entre enfermedad inflamatorio intestinal colitis
corpus,K65,10,absceso intraabdominal el | de inestabilidad hemodinamico y | inestabilidad hemodinamico y | reconstruccion del transito | el pieza de esplenectomia
corpus,K72,2,el recuperacion de el | de isquemia de
corpus,K74,9,del virus de el hepatitis | del virus de el | del virus de | tratamiento para virus de el | de el hepatitis c genotipo
corpus,K76,27,de hipertension portal | heterogeneo sin lesion ocupante de | heterogeneo sin lesion ocupante | sin lesion ocupante de espacio | lesion ocupante de espacio
corpus,K80,1,no evidencia de
corpus,K83,18,de el via biliar | el via biliar | colangiopancreatografia retrogrado endoscopico | via biliar intra- y extrahepatico | biliar intra- y extrahepatico
corpus,K85,4,de pancreatitis agudo | episodio de pancreatitis agudo | episodio de pancreatitis | de el enzima hepatico
corpus,K92,1131,de hemorragia digestivo | hemorragia digestivo alto | haber presentar en | pese a el | con antecedente de hemorragia digestivo
corpus,L02,2,y no el identificar | para su drenaje
corpus,L29,1,ingreso con uno
corpus,L51,1770,incrementar el requerimiento hidroelectrolitico utilizar | amoxicilina paracetamol diclofenaco y difenilhidantoina | necrolisis epidermica toxica secundario probablemente | acrocianosis y dificultad respiratorio caracterizado | requerimiento hidroelectrolitico utilizar el formula
corpus,L90,11,en ambos ojo el fondo | ambos ojo el fondo de | mmhg en ambos ojo el | perdida de sustancia | ojo el fondo de ojo
corpus,L98,2,de lesion cutaneo | uno lesion en
corpus,M00,1,artritis septico de
corpus,M08,1,tratamiento con etanercept
corpus,M25,1749,cabeza femoral y | en el rodilla | derecho con dolor | el radiografia simple mostrar | persistencia de el sintoma
corpus,M26,11,el articulacion temporomandibular | el facultad de odontologia de | el paciente el encontrar con | facultad de odontologia de | el facultad de odontologia
corpus,M46,1,leucocito campo en
corpus,M47,2,a el clinica del dolor | a el clinica del
corpus,M54,691,de el columna | remitir a nuestro servicio | columna dorsal y | en esqueleto axial y periferico | esqueleto axial y periferico
corpus,M62,2,miembro inferior que | tras el valoracion
corpus,M79,643,de el mano | que el indicar tratamiento | continuar tratamiento con | el indicar tratamiento | fiebre de hasta
corpus,M89,2,a consulta con | de el muneca
corpus,N13,1136,del parenquima renal | el ecografia abdominopelvico | infiltracion del parenquima | remitir a nuestro consulta | desplazamiento de todo el
corpus,N17,1,insuficiencia renal agudo
corpus,N18,112,insuficiencia renal cronico | enfermedad renal cronico | de insuficiencia renal | de insuficiencia renal cronico | acudir a el unidad de
corpus,N20,2,el objetiir litiasis | presentar uno caso
corpus,N28,1933,de el funcion renal | del rinon izquierdo | del rinon derecho | carcinoma de celula renal | rinon izquierdo de
corpus,N32,11,al tacto rectal | el exploracion complementario | destacar el presencia de uno | de aspecto solido | masa de aspecto
corpus,N39,1,de infeccion urinario
corpus,N40,3,hiperplasia prostatico benigno | el postoperatorio cursar sin incidencia | postoperatorio cursar sin incidencia
corpus,N44,5,aumentado de tamano con | del hemiescroto izquierdo | el solicitar ecografia | testicular asi como | el teste derecho
corpus,N48,859,en el dorso | inflamatorio agudo y cronico | por presentar desde hacer | inflamatorio agudo y | agudo y cronico
corpus,N50,2901,el testiculo izquierdo | paciente el el | realizar orquiectomia radical | uno hemiescroto izquierdo | el diagnostico de linfoma
corpus,N64,1,el lograr uno
corpus,N80,2,el diagnostico de endometriosis | diagnostico de endometriosis
corpus,R00,1,tendencia a el
corpus,R05,2,el radiografia de torax mostrar | radiografia de torax mostrar
corpus,R06,1601,saturacion de oxigeno | el realizar fibrobroncoscopia | dificultad respiratorio el | sin hallazgo significativo | de minimo esfuerzo
corpus,R07,9,el ecg mostrar | el ecg mostrar uno | onda t negativo en | de dolor toracico | en el derivacion
corpus,R10,6790,de dolor abdominal | de irritacion peritoneal | dolor abdominal difuso | signo de irritacion peritoneal | signo de irritacion
corpus,R11,1956,nausea y vomito | que acudir a urgencia | ser valorar por | uno semana antes | de urgencias el
corpus,R16,641,aumento de densidad en | aumento de densidad | y hepatomegalia de | de densidad en | insuficiencia respiratorio resultado analitico hemograma
corpus,R18,1,el objetivar uno gran
corpus,R19,2315,dentro de el normalidad el | de el masa tumoral | ser dar de alta al | el masa tumoral | centimetro de diametro que
corpus,R20,1818,y parestesia en | derecho y en | en el extremidad inferior | extremidad inferior y | dia del inicio de el
corpus,R23,1117,piel y mucosa | rx de torax | hemocultivo coprocultivo y | con prednisona a dosis de | sesion de plasmaferesis
corpus,R25,2,antecedente personal ser | y dolor en
corpus,R26,2,servicio de neurologia | al servicio de neurologia
corpus,R27,1,de el marcha
corpus,R29,3,en ambos extremidad inferior | ambos extremidad inferior | el movimiento ocular
corpus,R31,119,de hematuria macroscopico | episodio de hematuria | el pared vesical | en el transcurso | estudio de extension mediante
corpus,R35,2,abdominal que mostrar | de cuidado paliativo
corpus,R40,24,del nivel de conciencia | el analitica sanguineo | del nivel de | con el administracion de | con el administracion
corpus,R41,31,el auscultacion cardiopulmonar ser normal | auscultacion cardiopulmonar ser normal | el auscultacion cardiopulmonar ser | auscultacion cardiopulmonar ser | el auscultacion cardiopulmonar
corpus,R44,1,para que el
corpus,R47,2,trasladar a unidad de | trasladar a unidad
corpus,R50,152,proteina c reactivo pcr | c reactivo pcr | tratamiento antibiotico con | de amplio espectro | tratamiento con amoxicilina
corpus,R52,135,control del dolor | a el presion | del dolor y | servicio de traumatologia | clinica de dolor
corpus,R53,1025,con el fin de | el fin de | de el extremidad | de peso en | en el servicio de urgencia
corpus,R56,5,minuto de duracion | antecedente familiar destacar | tres ano de edad | ano de edad el | tres ano de
corpus,R57,1,de el paciente y
corpus,R58,5,mostrar uno hemoglobina | el estudio mediante | zona de hemorragia | de el hemorragia | en cara lateral
corpus,R59,643,estudio de extension | resultado de el | de el adenopatia | el resultado de el | servicio de oncologia
corpus,R60,349,en miembro inferior | y edema en | de el inmunodeficiencia humano negativo | el inmunodeficiencia humano negativo | inmunodeficiencia humano negativo
corpus,R63,160,perdida de peso | y perdida de | kg de peso | y perdida de peso | el analitica destacar
corpus,R69,39,de el enfermedad | de su enfermedad | de enfermedad de | enfermedad de base | con enfermedad de
corpus,R74,1,de el transaminasa
corpus,R99,2,causa de el muerte | de el muerte
corpus,S01,4,posteriormente el proceder a | posteriormente el proceder | nervio mentoniano derecho | uno exposicion del
corpus,S02,5,de uno fractura de | uno caso de uno | uno fractura de | de uno fractura | uno caso de
corpus,S32,1,fractura de el rama
corpus,S37,1106,evolucionar favorablemente desaparecer su sintomatologia | favorablemente desaparecer su sintomatologia neurologico | mediante maniobra de distraccion-extension conseguir | ventilacion asistido por insuficiencia respiratorio | parestesias-disestesia en ambos extremidad inferior
corpus,S42,1,en codo derecho
corpus,S52,3,en el radiografia el | radio izquierdo el | el radiografia el
corpus,T14,97,sufrir uno traumatismo | el paciente evolucionar favorablemente | paciente evolucionar favorablemente | resto de estructura | el observar edema
corpus,T20,845,programar reconstruccion mediante colgajo bipediculado | alimentario satisfactorio que agradar suficientemente | continencia alimentario satisfactorio que agradar | reconstruccion mediante colgajo bipediculado de | corticoid intralesional el reconstruccion final
corpus,T24,1214,accidente isquemico transitorio hipotiroidismo autoinmune | pseudomonas aeruginos multirresistente que previamente | positivo para pseudomonas aeruginos multirresistente | isquemico transitorio hipotiroidismo autoinmune y | transitorio hipotiroidismo autoinmune y deterioro
corpus,W34,7,sin orificio de salida | orificio de entrada | orificio de salida | de arma de fuego | sin orificio de
corpus,Z3A,3,semana de gestacion | test de apgar | rotura de membrana
corpus,Z68,3,a el vista de | el vista de | a el vista
corpus,Z79,910,tratamiento con prednisona | en el analitica el | el analitica el | y dar el | hipertension arterial hipertension arterial
corpus,Z87,2,presentar el siguiente | exfumador desde hacer
corpus,Z90,2,de el pieza el | el pieza el
corpus,Z99,1,silla de rueda
