timestamp,model_name,attn_impl,full_codes,max_length,epochs_run,epochs_max,batch_size,grad_accum,effective_batch,lr,warmup_ratio,dropout,freeze_layers,weight_decay,patience,threshold,threshold_configured,label_smoothing,lr_schedule,unfreeze_every,unfreeze_layers,unfreeze_lr_ratio,pos_weight_cap,asl_gamma_neg,asl_gamma_pos,asl_clip,train_rows,val_rows,num_codes,val_p_micro,val_r_micro,val_f1_micro,val_p_macro,val_r_macro,val_f1_macro,total_seconds,avg_epoch_seconds,sliding_window,chunk_overlap,pretrain_epochs
20260318T214627Z,jhu-clsp/mmBERT-base,,False,1024,19,20,4,4,16,5e-06,0.1,0.1,0,0.01,5,0.2,,,,,,,10.0,,,,500,250,809,0.032118,0.648032,0.061203,0.012484,0.210267,0.020586,163.5,8.6,,,
20260318T220744Z,jhu-clsp/mmBERT-base,,False,1024,20,20,8,2,16,5e-06,0.1,0.1,0,0.01,5,0.3,,,,,,,10.0,,,,500,250,809,0.017928,0.600179,0.034815,0.009991,0.254214,0.018062,115.9,5.8,,,
20260318T221746Z,jhu-clsp/mmBERT-base,,False,1024,20,20,8,2,16,5e-06,0.1,0.1,0,0.01,5,0.3,,,,,,,10.0,,,,500,250,809,0.067028,0.442308,0.116415,0.011778,0.086032,0.01766,134.0,6.7,,,
20260318T222117Z,jhu-clsp/mmBERT-base,,False,1024,15,20,8,2,16,5e-06,0.1,0.1,0,0.01,5,0.3,,,,,,,10.0,,,,500,250,809,0.059817,0.453041,0.10568,0.009939,0.089017,0.014878,102.7,6.8,,,
20260318T222430Z,jhu-clsp/mmBERT-base,,False,1024,23,40,8,2,16,5e-06,0.1,0.1,0,0.01,8,0.3,,,,,,,10.0,,,,500,250,809,0.069106,0.440966,0.119486,0.013763,0.086543,0.019866,154.7,6.7,,,
20260318T224802Z,jhu-clsp/mmBERT-base,,False,1504,18,20,4,4,16,5e-06,0.1,0.1,0,0.01,5,0.3,,,,,,,10.0,,,,500,250,809,0.06026,0.453488,0.106384,0.010189,0.090916,0.016278,156.4,8.7,,,
20260318T225344Z,jhu-clsp/mmBERT-base,,False,1024,20,20,8,2,16,5e-06,0.1,0.1,0,0.01,5,0.3,,,,,,,10.0,,,,500,250,809,0.070061,0.44186,0.120945,0.012592,0.088009,0.018642,139.4,7.0,,,
20260318T225922Z,jhu-clsp/mmBERT-base,flash_attention_2,False,1024,20,20,8,2,16,5e-06,0.1,0.1,0,0.01,5,0.5,,,,,,,10.0,,,,500,250,809,0.142685,0.158766,0.150296,0.009232,0.018702,0.009774,139.3,7.0,,,
20260318T234006Z,IIC/RigoBERTa-Clinical,flash_attention_2,False,512,20,20,4,4,16,3e-05,0.1,0.1,0,0.01,5,0.5,,,,,,,10.0,,,,500,250,809,0.343238,0.299642,0.319962,0.062528,0.058638,0.051432,330.4,16.5,,,
20260319T001004Z,IIC/RigoBERTa-Clinical,flash_attention_2,False,512,65,100,4,4,16,3e-05,0.1,0.1,0,0.01,20,0.5,,,,,,,10.0,,,,500,250,809,0.469708,0.294723,0.362187,0.087367,0.065656,0.06747,1099.1,16.9,,,
20260319T015209Z,IIC/RigoBERTa-Clinical,flash_attention_2,False,512,115,200,4,4,16,3e-05,0.1,0.1,0,0.1,40,0.5,,,,,,,10.0,,,,500,250,809,0.50387,0.291145,0.369048,0.110968,0.076026,0.080586,1914.6,16.6,,,
20260319T021825Z,IIC/RigoBERTa-Clinical,flash_attention_2,False,512,78,200,4,4,16,3e-05,0.1,0.3,20,0.1,20,0.5,,,,,,,10.0,,,,500,250,809,0.429792,0.360018,0.391823,0.115078,0.105199,0.099547,880.6,11.3,,,
20260319T030205Z,IIC/RigoBERTa-Clinical,flash_attention_2,False,512,89,200,4,4,16,3e-05,0.1,0.5,20,0.1,20,0.5,,,,,,,10.0,,,,500,250,809,0.46452,0.34839,0.39816,0.119943,0.098639,0.097967,985.3,11.1,,,
20260319T033629Z,IIC/RigoBERTa-Clinical,flash_attention_2,False,512,82,200,4,4,16,3e-05,0.1,0.3,20,0.1,20,0.5,,,,,,,10.0,,,,500,250,809,0.427386,0.322451,0.367576,0.105831,0.08846,0.087534,1308.0,16.0,True,64,
20260319T035829Z,IIC/RigoBERTa-Clinical,flash_attention_2,False,512,70,200,4,4,16,3e-05,0.1,0.3,16,0.1,20,0.5,,,,,,,10.0,,,,500,250,809,0.447995,0.319767,0.373173,0.09958,0.079826,0.079376,821.7,11.7,False,,
20260319T092318Z,IIC/RigoBERTa-Clinical,flash_attention_2,False,512,79,200,4,4,16,0.0001,0.1,0.3,20,0.1,20,0.5,,,,,,,10.0,,,,500,250,809,0.555891,0.329159,0.413483,0.13326,0.101292,0.106118,862.8,10.9,False,,
20260319T094539Z,IIC/RigoBERTa-Clinical,flash_attention_2,False,512,87,200,4,4,16,0.0001,0.1,0.3,20,0.1,20,0.4,,,,,,,10.0,,,,500,250,809,0.51525,0.355098,0.42044,0.129844,0.104627,0.105528,952.0,10.9,False,,
20260319T102637Z,IIC/RigoBERTa-Clinical,flash_attention_2,False,512,133,200,4,4,16,0.0001,0.1,0.3,20,0.1,20,0.3,,,,,,,10.0,,,,500,250,809,0.502389,0.376118,0.430179,0.137713,0.119238,0.11787,1462.5,11.0,False,,
20260319T110051Z,IIC/RigoBERTa-Clinical,flash_attention_2,False,512,141,200,4,4,16,0.0001,0.1,0.3,20,0.1,20,0.2,,,,,,,10.0,,,,500,250,809,0.452178,0.403846,0.426648,0.135179,0.134973,0.124177,1560.9,11.1,False,,
20260319T140014Z,PlanTL-GOB-ES/longformer-base-4096-biomedical-clinical-es,eager,False,2048,115,200,1,16,16,0.0001,0.1,0.3,8,0.1,20,0.3,,,,,,,10.0,,,,500,250,809,0.399918,0.434258,0.416381,0.12311,0.137908,0.117263,8022.5,69.8,False,,
20260319T144558Z,IIC/RigoBERTa-Clinical,flash_attention_2,True,512,79,200,4,4,16,0.0001,0.1,0.3,20,0.1,20,0.3,,,,,,,10.0,,,,500,250,1767,0.350078,0.307273,0.327282,0.052966,0.057574,0.050203,1628.3,20.6,False,,
20260319T145554Z,IIC/RigoBERTa-Clinical,flash_attention_2,True,512,124,200,4,4,16,0.0001,0.1,0.3,20,0.1,20,0.3,,,,,,,10.0,,,,500,250,1767,0.38006,0.285909,0.326329,0.05323,0.053438,0.04886,2116.0,17.1,False,,
20260319T160933Z,IIC/RigoBERTa-Clinical,flash_attention_2,True,512,127,200,4,4,16,0.0001,0.1,0.3,20,0.1,20,0.3,,,,,,,10.0,,,,500,250,1767,0.439151,0.423182,0.431019,0.098476,0.100635,0.092101,1447.6,11.4,False,,20
20260319T185411Z,IIC/RigoBERTa-Clinical,flash_attention_2,True,512,88,200,4,4,16,0.0001,0.1,0.3,20,0.1,20,0.3,,,,,,,10.0,,,,500,250,1767,0.350976,0.310455,0.329474,0.054403,0.057704,0.05116,977.7,11.1,False,,5
20260319T194618Z,IIC/RigoBERTa-Clinical,flash_attention_2,True,512,111,200,4,4,16,0.0001,0.1,0.3,20,0.1,20,0.3,,,,,,,10.0,,,,500,250,1767,0.427872,0.436818,0.432299,0.10056,0.109535,0.096929,1216.8,11.0,False,,20
20260319T232515Z,IIC/RigoBERTa-Clinical,flash_attention_2,True,512,20,20,4,4,16,0.0001,0.1,0.3,20,0.1,5,0.3,,,,,,,10.0,,,,500,250,1767,0.229279,0.543182,0.32245,0.094344,0.159957,0.106912,409.8,20.5,False,,20
20260320T011344Z,IIC/RigoBERTa-Clinical,flash_attention_2,True,512,60,150,8,4,32,0.0001,0.1,0.3,20,0.1,10,0.3,,,,,,,10.0,,,,500,250,1767,0.423371,0.528636,0.470184,0.140615,0.157664,0.138529,947.1,15.8,False,,10
20260320T030048Z,IIC/RigoBERTa-Clinical,flash_attention_2,True,512,40,150,8,4,32,0.0001,0.1,0.3,20,0.1,10,0.3,,,,,,,10.0,4.0,0.0,0.05,500,250,1767,0.274469,0.592727,0.375198,0.13367,0.203974,0.147433,747.6,18.7,False,,10
20260320T030207Z,IIC/RigoBERTa-Clinical,flash_attention_2,True,512,21,150,8,4,32,0.0001,0.1,0.2,16,0.1,10,0.3,,,,,,,10.0,0.0,0.0,0.05,500,250,1767,0.116513,0.200455,0.147368,0.003928,0.014245,0.005299,340.0,16.2,False,,10
20260320T122255Z,IIC/RigoBERTa-Clinical,flash_attention_2,True,512,28,150,8,4,32,0.0003,0.1,0.3,16,0.1,20,0.3,,,,,,,10.0,0.0,0.0,0.05,500,250,1767,0.115,0.156818,0.132692,0.000781,0.006791,0.001371,794.8,28.4,False,,10
20260320T123444Z,IIC/RigoBERTa-Clinical,flash_attention_2,True,512,75,150,8,4,32,0.0001,0.1,0.3,20,0.1,20,0.3,,,,,,,10.0,2.0,0.0,0.05,500,250,1767,0.414296,0.529545,0.464884,0.13634,0.155174,0.135322,1723.7,23.0,False,,10
20260320T124605Z,IIC/RigoBERTa-Clinical,flash_attention_2,True,512,134,150,8,4,32,0.0001,0.1,0.3,20,0.1,20,0.3,,,,,,,30.0,0.0,0.0,0.05,500,250,1767,0.381631,0.523182,0.441334,0.133691,0.159305,0.13379,2290.7,17.1,False,,10
20260324T120756Z,IIC/RigoBERTa-Clinical,flash_attention_2,True,512,29,150,8,4,32,0.0005,0.1,0.3,16,0.1,20,0.3,,,,,,,10.0,0.0,0.0,0.05,500,250,1767,0.111692,0.165,0.133211,0.000822,0.007357,0.001446,837.3,28.9,False,,10
20260324T120839Z,IIC/RigoBERTa-Clinical,flash_attention_2,True,512,31,150,8,4,32,0.0003,0.1,0.3,16,0.1,20,0.3,,,,,,,10.0,0.0,0.0,0.05,500,250,1767,0.092842,0.200455,0.126906,0.000998,0.010753,0.001781,880.9,28.4,False,,10
20260324T122607Z,IIC/RigoBERTa-Clinical,flash_attention_2,True,512,134,150,8,4,32,0.0001,0.1,0.3,20,0.1,20,0.3,,,,,,,30.0,0.0,0.0,0.05,500,250,1767,0.384912,0.545,0.451176,0.139484,0.167444,0.141001,2001.3,14.9,False,,10
20260324T135837Z,IIC/RigoBERTa-Clinical,flash_attention_2,True,512,74,150,8,4,32,0.0001,0.1,0.3,20,0.1,20,0.3,,,,,,,10.0,2.0,0.0,0.05,500,250,1767,0.395936,0.549091,0.460103,0.142781,0.16753,0.143872,717.7,9.7,False,,10
20260324T180130Z,IIC/RigoBERTa-Clinical,flash_attention_2,True,512,22,150,8,4,32,0.0001,0.1,0.3,20,0.1,20,0.25,0.3,0.1,cosine,,,,10.0,0.0,0.0,0.05,500,250,1767,0.021125,0.048636,0.029456,0.018595,0.033053,0.015604,390.1,17.7,False,,10
20260324T182037Z,IIC/RigoBERTa-Clinical,flash_attention_2,True,512,122,150,8,4,32,0.0001,0.1,0.3,20,0.1,20,0.3,0.3,0.0,plateau,,,,10.0,0.0,0.0,0.05,500,250,1767,0.512632,0.442727,0.475122,0.128888,0.120905,0.11633,1345.7,11.0,False,,10
20260324T220547Z,IIC/RigoBERTa-Clinical,flash_attention_2,True,512,96,150,8,4,32,0.0001,0.1,0.3,20,0.1,20,0.3,0.3,0.1,cosine,,,,10.0,0.0,0.0,0.05,500,250,1767,0.471049,0.491818,0.48121,0.141889,0.145787,0.134044,1776.3,18.5,False,,10
20260324T221300Z,IIC/RigoBERTa-Clinical,flash_attention_2,True,512,135,150,8,4,32,0.0001,0.1,0.3,20,0.1,20,0.3,0.3,0.1,plateau,,,,10.0,0.0,0.0,0.05,500,250,1767,0.518035,0.450455,0.481887,0.123479,0.117869,0.112006,2142.8,15.9,False,,10
20260325T121611Z,IIC/RigoBERTa-Clinical,flash_attention_2,True,512,140,150,8,4,32,0.0001,0.1,0.3,20,0.1,20,0.3,0.3,0.1,plateau,30,4,0.1,10.0,0.0,0.0,0.05,500,250,1767,0.530911,0.445,0.484174,0.129967,0.119302,0.116158,2900.0,20.7,False,,10
20260325T121744Z,IIC/RigoBERTa-Clinical,flash_attention_2,True,512,146,150,8,4,32,0.0001,0.1,0.3,20,0.1,20,0.3,0.3,0.1,plateau,25,4,0.1,10.0,0.0,0.0,0.05,500,250,1767,0.52337,0.437727,0.476733,0.124598,0.115576,0.11186,2993.2,20.5,False,,10
20260325T231536Z,IIC/RigoBERTa-Clinical,flash_attention_2,True,512,84,150,4,4,16,0.0001,0.1,0.3,20,0.1,20,0.3,0.3,0.1,plateau,30,4,0.1,10.0,0.0,0.0,0.05,500,250,1767,0.432419,0.394091,0.412366,0.112813,0.106589,0.101509,1404.0,16.7,True,64,10
20260326T045031Z,IIC/RigoBERTa-Clinical,flash_attention_2,True,512,150,150,8,4,32,0.0001,0.1,0.3,20,0.1,20,0.3,0.3,0.1,plateau,30,4,0.1,10.0,0.0,0.0,0.05,500,250,1767,0.521941,0.459545,0.48876,0.131666,0.124081,0.119552,1615.7,10.8,False,,10
20260326T125839Z,IIC/RigoBERTa-Clinical,flash_attention_2,True,512,86,150,8,4,32,0.0001,0.1,0.3,20,0.1,20,0.3,0.3,0.1,plateau,30,4,0.1,10.0,0.0,0.0,0.05,500,250,1767,0.485149,0.49,0.487562,0.140168,0.141248,0.130979,1664.7,19.4,False,,10
20260326T130358Z,IIC/RigoBERTa-Clinical,flash_attention_2,True,512,110,150,8,4,32,0.0001,0.1,0.3,20,0.1,20,0.3,0.3,0.1,plateau,30,4,0.1,10.0,0.0,0.0,0.05,500,250,1767,0.489949,0.476364,0.483061,0.137394,0.134141,0.126933,1915.6,17.4,False,,10
20260529T024303Z,IIC/RigoBERTa-Clinical,flash_attention_2,True,512,51,150,8,4,32,0.0001,0.1,0.3,20,0.1,20,0.3,0.3,0.1,plateau,30,4,0.1,10.0,0.0,0.0,0.05,2000,250,1767,0.509962,0.430455,0.466847,0.120947,0.111905,0.108035,1957.7,38.4,False,,10
